{"user_id": 22959, "status": "success", "_timestamp": 1726332538.4509087, "_runtime": 7957.017432689667, "_step": 119, "progress": 0.2}