{"user_id": 4204, "processing_time": 491.6298825740814, "_timestamp": 1726471472.7143023, "_runtime": 4635.169792413712, "_step": 14, "status": "success", "progress": 0.025}