{"user_id": 4242, "processing_time": 3289.773382663727, "_timestamp": 1726509165.6673055, "_runtime": 42328.12279558182, "_step": 128, "status": "success", "progress": 0.215}