{"user_id": 19481, "processing_time": 192.82810497283936, "_timestamp": 1726665806.8777626, "_runtime": 2784.004109621048, "_step": 17, "status": "success", "progress": 0.6}