{"conversation_id": 100, "processing_time": 423.1168694496155, "geobleu": 0.11102715058290656, "dtw": 39.79668006576698, "Input_sequence_length": 13605, "Peak reserved memory": 14.859375, "_timestamp": 1727986333.3693333, "_runtime": 34632.31521320343, "_step": 100, "Table": {"_type": "table-file", "sha256": "36e7db500afba5e882059f14cdfd441bfeaef7a14a523e2d23d839f601a4881c", "size": 1117077, "artifact_path": "wandb-client-artifact://u47gojifewszrunsjdwds84mat7p4gzx82aitmag9k53szsrzr327fkk41r2ym3ah8il5l0vvkzfhw87crusx2zyv5b2ujkl6oq3ta8d1lsvclz7gx2k6n99ct168yps/Table.table.json", "_latest_artifact_path": "wandb-client-artifact://228qxtjhv1wtk84ncbhv4u9xr920plnuqd5nr3sz5bxr0v8ajcg2tjdg20wmocym8kqj51otdvpgqe4jofuhihei510dnjvc4eiydrlfdo4bohqbt4tdzjv37jjfrcvf:latest/Table.table.json", "path": "media/table/Table_100_36e7db500afba5e88205.table.json", "ncols": 7, "nrows": 100}, "failed_conversations_count": 0, "failed_conversations_ids": [], "avg_processing_time": 346.1400496697426, "avg_geobleu": 0.28331584440905727, "avg_dtw": 34.49349658840155, "_wandb": {"runtime": 34635}}