{"user_id": 22048, "status": "success", "_timestamp": 1726332419.9019315, "_runtime": 8018.485674619675, "_step": 99, "progress": 0.16666666666666666}