{"user_id": 3639, "processing_time": 604.0216779708862, "_timestamp": 1726510246.4042127, "_runtime": 44422.76738476753, "_step": 116, "status": "success", "progress": 0.195}