{"user_id": 3604, "processing_time": 1001.3902099132538, "_timestamp": 1726470943.680767, "_runtime": 5120.043939113617, "_step": 14, "status": "success", "progress": 0.025}