{"train/loss": 0.3831, "train/grad_norm": 0.054194629192352295, "train/learning_rate": 0.0, "train/epoch": 1.0, "train/global_step": 3400, "_timestamp": 1725317420.3927324, "_runtime": 123173.64762949944, "_step": 3434, "eval/loss": 0.34975165128707886, "eval/runtime": 214.8882, "eval/samples_per_second": 0.465, "eval/steps_per_second": 0.465, "train_runtime": 123174.9048, "train_samples_per_second": 0.11, "train_steps_per_second": 0.028, "total_flos": 7.474121522125898e+18, "train_loss": 0.35631002573405995, "_wandb": {"runtime": 123175}}