{"train/loss": 0.3487, "train/grad_norm": 0.04766537621617317, "train/learning_rate": 3.5051546391752576e-05, "train/epoch": 0.825, "train/global_step": 2805, "_timestamp": 1725295835.5744977, "_runtime": 101588.82939481735, "_step": 2832, "eval/loss": 0.3509705662727356, "eval/runtime": 215.1579, "eval/samples_per_second": 0.465, "eval/steps_per_second": 0.465}