{"train/loss": 0.3177, "train/grad_norm": 0.04289756342768669, "train/learning_rate": 2.992636229749632e-05, "train/epoch": 0.8505882352941176, "train/global_step": 2892, "_timestamp": 1725298588.9627054, "_runtime": 104342.21760249138, "_step": 2919, "eval/loss": 0.3509705662727356, "eval/runtime": 215.1579, "eval/samples_per_second": 0.465, "eval/steps_per_second": 0.465}