{"train/loss": 0.2576, "train/grad_norm": 0.05979674309492111, "train/learning_rate": 2.774668630338734e-05, "train/epoch": 0.8614705882352941, "train/global_step": 2929, "_timestamp": 1725300120.7160394, "_runtime": 105873.97093653679, "_step": 2957, "eval/loss": 0.3507584035396576, "eval/runtime": 215.1506, "eval/samples_per_second": 0.465, "eval/steps_per_second": 0.465}