{"train/loss": 0.2746, "train/grad_norm": 0.04756739363074303, "train/learning_rate": 3.503649635036497e-06, "train/epoch": 7.86, "train/global_step": 4716, "_timestamp": 1725562142.8917747, "_runtime": 176623.36331057549, "_step": 2944, "eval/loss": 0.32279345393180847, "eval/runtime": 374.0001, "eval/samples_per_second": 0.267, "eval/steps_per_second": 0.267, "_wandb": {"runtime": 176652}}