{"train_runtime": 0.3602, "train_samples_per_second": 33311.657, "train_steps_per_second": 8327.914, "total_flos": 2.0589035750320865e+19, "train_loss": 0.0, "train/epoch": 3.0, "train/global_step": 8250, "_timestamp": 1725989348.3671784, "_runtime": 11.732972383499146, "_step": 0, "_wandb": {"runtime": 13}}