{"user_id": 3838, "processing_time": 454.3460295200348, "_timestamp": 1726509699.24299, "_runtime": 42982.40882611275, "_step": 116, "status": "success", "progress": 0.195}