{"user_id": 3803, "processing_time": 1472.166340827942, "_timestamp": 1726470848.6246781, "_runtime": 4131.790514230728, "_step": 8, "status": "success", "progress": 0.015}