{"train/loss": 0.4012, "train/grad_norm": 0.05917753279209137, "train/learning_rate": 0.00010393629124004551, "train/epoch": 0.4809090909090909, "train/global_step": 2116, "_timestamp": 1725300117.655728, "_runtime": 83922.61134910583, "_step": 2136, "eval/loss": 0.3274957239627838, "eval/runtime": 229.347, "eval/samples_per_second": 0.436, "eval/steps_per_second": 0.436}