{"train/loss": 0.3241, "train/grad_norm": 0.05276915431022644, "train/learning_rate": 0.0, "train/epoch": 1.0, "train/global_step": 4400, "_timestamp": 1725389582.0217316, "_runtime": 173386.97735261917, "_step": 4444, "eval/loss": 0.3225235342979431, "eval/runtime": 229.3513, "eval/samples_per_second": 0.436, "eval/steps_per_second": 0.436, "train_runtime": 173388.0126, "train_samples_per_second": 0.102, "train_steps_per_second": 0.025, "total_flos": 1.0242292886469034e+19, "train_loss": 0.33054642815820195, "_wandb": {"runtime": 173390}}