{"train/loss": 0.328, "train/grad_norm": 0.0525655597448349, "train/learning_rate": 0.00010548350398179749, "train/epoch": 0.4731818181818182, "train/global_step": 2082, "_timestamp": 1725298588.4425077, "_runtime": 82393.39812874794, "_step": 2101, "eval/loss": 0.32746264338493347, "eval/runtime": 229.3948, "eval/samples_per_second": 0.436, "eval/steps_per_second": 0.436}