{"train/loss": 0.41, "train/grad_norm": 0.2617608904838562, "train/learning_rate": 0.00019981797497155862, "train/epoch": 0.0020454545454545456, "train/global_step": 9, "_timestamp": 1725216511.9136295, "_runtime": 316.86925053596497, "_step": 8}