{"train/loss": 0.4024, "train/grad_norm": 0.05373965948820114, "train/learning_rate": 0.000109032992036405, "train/epoch": 0.45545454545454545, "train/global_step": 2004, "_timestamp": 1725295840.161079, "_runtime": 79645.116699934, "_step": 2023, "eval/loss": 0.32746264338493347, "eval/runtime": 229.3948, "eval/samples_per_second": 0.436, "eval/steps_per_second": 0.436}