{"Table": {"_type": "table-file", "sha256": "dd769ea21a1d314c3393c83c971f265013c433914bf93d94eb0df9b78452fea2", "size": 7651, "artifact_path": "wandb-client-artifact://lb89u7zaorx1rtkrgnp6pqp7saabd8eqqieu28lo1dkb3ged3xulkrwk8pq5ujbyxksorwi38zloh2cawymis2avc5pet8r4bhriy1nmppwt6mamx4k4qkskogo6xd0g/Table.table.json", "_latest_artifact_path": "wandb-client-artifact://b3vzvoipsy2lm496xfiwynu1kpylpsiwgfelzc42wiqwes7mfd03f3w18z0icv61x50zy79iod88i3muir8yrcdd0r7zfs977twrcui1t885539yu8pcbvb54wbmxxbk:latest/Table.table.json", "path": "media/table/Table_0_dd769ea21a1d314c3393.table.json", "ncols": 7, "nrows": 3}, "_timestamp": 1727947268.5998158, "_runtime": 576.5513117313385, "_step": 5, "conversation_id": 3, "processing_time": 130.47233366966248, "geobleu": 0.2623123775163886, "dtw": 8.508000705728715, "Input_sequence_length": 7061, "failed_conversations_count": 0, "failed_conversations_ids": [], "avg_processing_time": 185.5387862523397, "avg_geobleu": 0.410757905087103, "avg_dtw": 7.633182410036518, "_wandb": {"runtime": 571}}