{"Table": {"_type": "table-file", "sha256": "dd769ea21a1d314c3393c83c971f265013c433914bf93d94eb0df9b78452fea2", "size": 7651, "artifact_path": "wandb-client-artifact://lb89u7zaorx1rtkrgnp6pqp7saabd8eqqieu28lo1dkb3ged3xulkrwk8pq5ujbyxksorwi38zloh2cawymis2avc5pet8r4bhriy1nmppwt6mamx4k4qkskogo6xd0g/Table.table.json", "_latest_artifact_path": "wandb-client-artifact://b3vzvoipsy2lm496xfiwynu1kpylpsiwgfelzc42wiqwes7mfd03f3w18z0icv61x50zy79iod88i3muir8yrcdd0r7zfs977twrcui1t885539yu8pcbvb54wbmxxbk:latest/Table.table.json", "path": "media/table/Table_0_dd769ea21a1d314c3393.table.json", "ncols": 7, "nrows": 1}, "_timestamp": 1727946879.9071887, "_runtime": 187.85868453979492, "_step": 1, "conversation_id": 1, "processing_time": 167.95052552223206, "geobleu": 0.4402693892367017, "dtw": 11.099467689934084, "Input_sequence_length": 7973}