{"user_id": 22351, "status": "success", "_timestamp": 1726332392.6517646, "_runtime": 7931.663179636002, "_step": 105, "progress": 0.17666666666666667}