{"user_id": 19114, "status": "failed", "_timestamp": 1726464745.9692862, "_runtime": 2347.977374315262, "_step": 13, "progress": 0.023333333333333334}