{"user_id": 3042, "processing_time": 377.4982566833496, "_timestamp": 1726509672.156763, "_runtime": 44029.36256599426, "_step": 125, "status": "success", "progress": 0.21}