{"user_id": 3004, "processing_time": 2064.870228767395, "_timestamp": 1726471329.2852645, "_runtime": 5686.491067409515, "_step": 8, "status": "success", "progress": 0.015}