{"train/loss": 0.3448, "train/grad_norm": 0.084578737616539, "train/learning_rate": 0.0008, "train/epoch": 0.004, "train/global_step": 2, "_timestamp": 1725991142.5625439, "_runtime": 71.01774191856384, "_step": 1}