{"train/loss": 1.3749, "train/grad_norm": 1.3590599298477173, "train/learning_rate": 0.0, "train/epoch": 3.0, "train/global_step": 1500, "_timestamp": 1726045466.7471232, "_runtime": 54395.20232129097, "_step": 1515, "eval/loss": 1.337794542312622, "eval/runtime": 213.9578, "eval/samples_per_second": 0.467, "eval/steps_per_second": 0.467, "train_runtime": 54396.2471, "train_samples_per_second": 0.11, "train_steps_per_second": 0.028, "total_flos": 3.324309615468675e+18, "train_loss": 1.9447830431262652, "_wandb": {"runtime": 54396}}