{"conversation_id": 100, "processing_time": 186.66927409172058, "geobleu": 0.3970280890745784, "dtw": 10.18530504706423, "Input_sequence_length": 9005, "Peak reserved memory": 13.130859, "_timestamp": 1727967165.0825634, "_runtime": 17430.52602648735, "_step": 100, "Table": {"_type": "table-file", "sha256": "5ea88b24be16d850b00c256424c4b85c355c19f76301ad4a38b305523dba2bd3", "size": 696366, "artifact_path": "wandb-client-artifact://085zitpvx6qsmu729yfd5ukhkwsq188zxb6vow42vn74uy1zfxtbifp3exdb043en86vj6dve51bb1oab60awuqx69i9lbz81rbhe40y6s2dr4be9n2lrzdvs0zc1i0y/Table.table.json", "_latest_artifact_path": "wandb-client-artifact://x5dbm93wd6fsuyafjt16ipi5p0kr8cmdrxk13jz2e7io8kygcrpg3fbggimztvdyig051m0bbor6q1usls6wac9nvjgizkzyzft3p2x7gfor1rkrohtno9hfmyyi9nb6:latest/Table.table.json", "path": "media/table/Table_100_5ea88b24be16d850b00c.table.json", "ncols": 7, "nrows": 100}, "failed_conversations_count": 1, "failed_conversations_ids": [9], "avg_processing_time": 174.14103198051453, "avg_geobleu": 0.33222877048002836, "avg_dtw": 26.322786752879683, "_wandb": {"runtime": 17433}}