{"conversation_id": 3, "processing_time": 129.1908769607544, "geobleu": 0.3097794592097349, "dtw": 10.450686535767764, "Input_sequence_length": 7061, "Peak reserved memory": 10.46875, "_timestamp": 1727950304.163738, "_runtime": 569.6072010993958, "_step": 2}