{"user_id": 5400, "processing_time": 420.5401027202606, "_timestamp": 1726771796.9821348, "_runtime": 435.60087871551514, "_step": 2, "status": "success", "progress": 0.01}