{"conversation_id": 3, "processing_time": 128.83696246147156, "geobleu": 0.3351378430794794, "dtw": 9.249997834310154, "Input_sequence_length": 7061, "_timestamp": 1727948317.630528, "_runtime": 568.0629279613495, "_step": 3, "Table": {"_type": "table-file", "sha256": "fa391286cbd79c96801c9c724f85c0e8e139505e327d2be818009f4d4d5faf63", "size": 24062, "artifact_path": "wandb-client-artifact://j4p9ysvdaasuq12vd8stw1v7mu7nt7h3ehq20ow0ja8up9l83r5i30o1jw59ir8326v54i6zmo8xi2ofllftnbic0dlvl8kben8s8zcpzjub3dm2zk29f0nc7ob2l0b4/Table.table.json", "_latest_artifact_path": "wandb-client-artifact://8gh9thisu4zffcqy0wrxp614sv44qw7bxa9wxxasf53sj9m2znqgue0199jbui51jpnrfyms129n2brig8yw1klk5tv6mu25qfd17p4ag8u89or8juv00z24gf1kdbxy:latest/Table.table.json", "path": "media/table/Table_3_fa391286cbd79c96801c.table.json", "ncols": 7, "nrows": 3}, "failed_conversations_count": 0, "failed_conversations_ids": [], "avg_processing_time": 184.22253942489624, "avg_geobleu": 0.4270690805384029, "avg_dtw": 8.027448411524379, "_wandb": {"runtime": 569}}