{"conversation_id": 100, "processing_time": 177.4547746181488, "geobleu": 0.4595600256023383, "dtw": 8.331191314414049, "Input_sequence_length": 9005, "Peak reserved memory": 13.130859, "_timestamp": 1728028813.651526, "_runtime": 16800.063886880875, "_step": 100, "Table": {"_type": "table-file", "sha256": "edf0f8a7018c4efddd0094ec6b43aee4528a001b3c53054ca38cc2fe1f4ff55a", "size": 696470, "artifact_path": "wandb-client-artifact://d42mx91aw402xxq07n7rgg0ukf9maco4jos72hh0q9lg6923siyllvdd9ucyp0b5p7goy7ckzmy8ziy74e4887jy5r9m3dyckx8fzut4zs8n1ggefuln179tpopfv14n/Table.table.json", "_latest_artifact_path": "wandb-client-artifact://43637r0hkvte7e0jpojh1x4p5lfwlkpunlau16s2b26hjpffj13srjl2tokuiyrp5m3ondtv956wltw6qjc4m8731tuxb71ueqia4uewprpawpbkd3hz7u35qt78srkk:latest/Table.table.json", "path": "media/table/Table_100_edf0f8a7018c4efddd00.table.json", "ncols": 7, "nrows": 100}, "failed_conversations_count": 0, "failed_conversations_ids": [], "avg_processing_time": 167.84425612211228, "avg_geobleu": 0.3565408578125322, "avg_dtw": 28.159148449435882, "_wandb": {"runtime": 16802}}