{"user_id": 5301, "processing_time": 544.2554564476013, "_timestamp": 1726772003.4631507, "_runtime": 701.4493587017059, "_step": 5, "status": "success", "progress": 0.02}