{"train_runtime": 0.396, "train_samples_per_second": 30304.424, "train_steps_per_second": 7576.106, "total_flos": 2.0589035750320865e+19, "train_loss": 0.0, "train/epoch": 3.0, "train/global_step": 8250, "_timestamp": 1725940264.3911085, "_runtime": 12.00249457359314, "_step": 0, "_wandb": {"runtime": 13}}