{"conversation_id": 100, "processing_time": 418.1064291000366, "geobleu": 0.0017122673584904244, "dtw": 109.70799932967307, "Input_sequence_length": 13605, "Peak reserved memory": 14.857422, "_timestamp": 1728047897.2785563, "_runtime": 35517.998675346375, "_step": 99, "Table": {"_type": "table-file", "sha256": "08ebf89966edac280cf0597b8a88aaf8eedfc0a4f786bc9da39c5214884b2b5d", "size": 1104881, "artifact_path": "wandb-client-artifact://h4js3jhzjq7yb6trze1rthwqqv1vw9fkenf5gel4onjxc554johw2ttyqbsunqtwrd8ru707t970bolyipzz4bpk7zg7rnas6kat7jo5x2iuau34n4ibox84fmkgvofm/Table.table.json", "_latest_artifact_path": "wandb-client-artifact://865ello5jcdmecmegjs6alph84q3sq8uefdtimw30cy8n4eevpxqky09rfgtc8cgig04caslhdltmvg1ao8b10947w502h6og09ii2er65qbf2l6bbdfkwcbvcs2xpi6:latest/Table.table.json", "path": "media/table/Table_99_08ebf89966edac280cf0.table.json", "ncols": 7, "nrows": 99}, "failed_conversations_count": 4, "failed_conversations_ids": [73, 9], "avg_processing_time": 346.8069528883154, "avg_geobleu": 0.30556728276385947, "avg_dtw": 38.463793256223354, "_wandb": {"runtime": 35520}}