{"user_id": 5500, "processing_time": 576.5612354278564, "_timestamp": 1726772012.2389784, "_runtime": 590.6505753993988, "_step": 2, "status": "success", "progress": 0.01}