{"conversation_id": 3, "processing_time": 129.7828562259674, "geobleu": 0.3087102139911136, "dtw": 8.748336450543396, "Input_sequence_length": 7061, "Peak reserved memory": 10.469, "_timestamp": 1727949514.5265157, "_runtime": 568.9370596408844, "_step": 3, "Table": {"_type": "table-file", "sha256": "f97fbf798b900c430364ddc041b0e5fc6eb5ed9916a41193f79cf2d1055e12a0", "size": 24064, "artifact_path": "wandb-client-artifact://ejcg6gp4u3o7wbo7d220pkg7kc7idaslm4okrx8py4eyczy6bnxc7skqhb22aso5trlc0ld3nz7no9b9vb0bt7kr98nw3nrqljto8rtrqb8e2hvayh0cfvfwbp2h6zkf/Table.table.json", "_latest_artifact_path": "wandb-client-artifact://jil6sr65lben7076xm5y6enfwqv71erl1tzvtcpbcvg6i8qqhqf19cckzfdtwjoiingag0wusghsusrx86n1sr2bjm8f74jub5i8qy8wb6pecqt784ppyf2ivnjzkvdk:latest/Table.table.json", "path": "media/table/Table_3_f97fbf798b900c430364.table.json", "ncols": 7, "nrows": 3}, "failed_conversations_count": 0, "failed_conversations_ids": [], "avg_processing_time": 184.57850543657938, "avg_geobleu": 0.4209466876732593, "avg_dtw": 8.140719448305829, "_wandb": {"runtime": 571}}