{"user_id": 4004, "processing_time": 490.7929935455322, "_timestamp": 1726471548.477357, "_runtime": 4771.172266960144, "_step": 14, "status": "success", "progress": 0.025}