{"user_id": 4038, "processing_time": 852.2223789691925, "_timestamp": 1726509504.298687, "_runtime": 42726.99359703064, "_step": 116, "status": "success", "progress": 0.195}