{"train/loss": 0.3819, "train/grad_norm": 0.05662264674901962, "train/learning_rate": 9.124356144223695e-05, "train/epoch": 1.088235294117647, "train/global_step": 3700, "_timestamp": 1725348955.7188916, "_runtime": 10499.24120259285, "_step": 303, "eval/loss": 0.35182246565818787, "eval/runtime": 215.0208, "eval/samples_per_second": 0.465, "eval/steps_per_second": 0.465, "train_runtime": 10487.7693, "train_samples_per_second": 2.593, "train_steps_per_second": 0.648, "total_flos": 8.111490000870015e+18, "train_loss": 0.028481661480020834, "_wandb": {"runtime": 10501}}