{"user_id": 19479, "processing_time": 299.11479902267456, "_timestamp": 1726665835.7719982, "_runtime": 3510.750559091568, "_step": 23, "status": "success", "progress": 0.8}