{"user_id": 4950, "processing_time": 222.98637056350708, "_timestamp": 1726684068.5692782, "_runtime": 236.66101026535034, "_step": 2, "status": "success", "progress": 0.02}