{"train/loss": 0.4717, "train/grad_norm": 0.09638339281082153, "train/learning_rate": 0.00019104565537555231, "train/epoch": 0.04617647058823529, "train/global_step": 157, "_timestamp": 1725180582.7129054, "_runtime": 5598.744367361069, "_step": 157, "eval/loss": 0.3879426121711731, "eval/runtime": 215.0921, "eval/samples_per_second": 0.465, "eval/steps_per_second": 0.465}