{"train/loss": 0.3577, "train/grad_norm": 0.05374958738684654, "train/learning_rate": 0.00017083946980854197, "train/epoch": 0.14705882352941177, "train/global_step": 500, "_timestamp": 1725192879.9654293, "_runtime": 17895.996891260147, "_step": 505, "eval/loss": 0.3655356466770172, "eval/runtime": 214.9339, "eval/samples_per_second": 0.465, "eval/steps_per_second": 0.465, "train_runtime": 17897.2238, "train_samples_per_second": 0.76, "train_steps_per_second": 0.19, "total_flos": 1.0863377971750502e+18, "train_loss": 0.40317989653348923, "_wandb": {"runtime": 17897}}