{"train/loss": 0.3646, "train/grad_norm": 0.04265541955828667, "train/learning_rate": 5.241167948401874e-05, "train/epoch": 1.9741176470588235, "train/global_step": 6712, "_timestamp": 1725562190.1975884, "_runtime": 123534.31151843071, "_step": 3344, "eval/loss": 0.3469462990760803, "eval/runtime": 221.1441, "eval/samples_per_second": 0.452, "eval/steps_per_second": 0.452, "_wandb": {"runtime": 123567}}