{"user_id": 18803, "status": "failed", "_timestamp": 1726464253.487376, "_runtime": 1914.9340119361877, "_step": 7, "progress": 0.013333333333333334}