{"train/loss": 0.2592, "train/grad_norm": 0.03399299830198288, "train/learning_rate": 6.0100166944908185e-05, "train/epoch": 3.5, "train/global_step": 2100, "_timestamp": 1725355677.3937557, "_runtime": 18220.03601861, "_step": 303, "eval/loss": 0.31943029165267944, "eval/runtime": 370.7209, "eval/samples_per_second": 0.27, "eval/steps_per_second": 0.27, "train_runtime": 18205.4428, "train_samples_per_second": 0.659, "train_steps_per_second": 0.165, "total_flos": 6.912312524414091e+18, "train_loss": 0.0439711001089641, "_wandb": {"runtime": 18221}}