{"train/loss": 1.8609, "train/grad_norm": 18.81706428527832, "train/learning_rate": 0.0006247449046639945, "train/epoch": 3.116, "train/global_step": 1558, "_timestamp": 1726111168.861101, "_runtime": 1996.0027627944946, "_step": 57}