{"train/loss": 1.5293, "train/grad_norm": 1.5127286911010742, "train/learning_rate": 0.0, "train/epoch": 5.0, "train/global_step": 2500, "_timestamp": 1726146449.377749, "_runtime": 37276.51941084862, "_step": 1010, "eval/loss": 1.5061938762664795, "eval/runtime": 220.5734, "eval/samples_per_second": 0.453, "eval/steps_per_second": 0.453, "train_runtime": 37265.0472, "train_samples_per_second": 0.268, "train_steps_per_second": 0.067, "total_flos": 5.540516025781125e+18, "train_loss": 1.0499088869094848, "_wandb": {"runtime": 37278}}