{"user_id": 22656, "status": "success", "_timestamp": 1726332407.1568553, "_runtime": 7885.860324382782, "_step": 113, "progress": 0.19}