{"train/loss": 0.2899, "train/grad_norm": 0.052893321961164474, "train/learning_rate": 0.0, "train/epoch": 5.0, "train/global_step": 17000, "_timestamp": 1725884994.1041267, "_runtime": 246266.15714359283, "_step": 6868, "eval/loss": 0.3450678288936615, "eval/runtime": 214.9031, "eval/samples_per_second": 0.465, "eval/steps_per_second": 0.465, "train_runtime": 246253.7287, "train_samples_per_second": 0.276, "train_steps_per_second": 0.069, "total_flos": 3.737060761062949e+19, "train_loss": 0.1330991102737539, "_wandb": {"runtime": 246267}}