{"train/loss": 0.2646, "train/grad_norm": 0.031726494431495667, "train/learning_rate": 2.8293261413066874e-05, "train/epoch": 3.7729411764705882, "train/global_step": 12828, "_timestamp": 1725733553.3549235, "_runtime": 94825.40794038773, "_step": 2653, "eval/loss": 0.3451727330684662, "eval/runtime": 213.4798, "eval/samples_per_second": 0.468, "eval/steps_per_second": 0.468}