{"user_id": 3900, "status": "failed", "_timestamp": 1726464373.3509724, "_runtime": 1854.4739844799042, "_step": 1, "progress": 0.0033333333333333335}