{"train/loss": 0.3831, "train/grad_norm": 0.054148636758327484, "train/learning_rate": 0.0, "train/epoch": 1.0, "train/global_step": 3400, "_timestamp": 1725159320.9965775, "_runtime": 115905.63120150566, "_step": 3400, "train_runtime": 115908.5606, "train_samples_per_second": 0.117, "train_steps_per_second": 0.029, "total_flos": 7.474121522125898e+18, "train_loss": 0.3563117421944352, "_wandb": {"runtime": 115906}}