{"train/loss": 0.3373, "train/grad_norm": 0.05378848314285278, "train/learning_rate": 0.0001455081001472754, "train/epoch": 0.2735294117647059, "train/global_step": 930, "_timestamp": 1725074813.4247746, "_runtime": 31398.059398651123, "_step": 929}