{"conversation_id": 100, "processing_time": 150.7526307106018, "geobleu": 0.5504472755660622, "dtw": 13.04575521586933, "Input_sequence_length": 5245, "Peak reserved memory": 12.947266, "_timestamp": 1728028472.1306624, "_runtime": 16602.22666835785, "_step": 100, "Table": {"_type": "table-file", "sha256": "b943c409e9409c5d1a77ccb8af97e0fd7b2aed1c96aac211f48d2a6cb3c6b31b", "size": 687416, "artifact_path": "wandb-client-artifact://i1cftotsdwneqbjot3qyd6crz3w3aw4v05yl86geqzm9axnhlwl00ktgmue5kx6h0xoeg39yx4ay857zpymi4zepxr5trhoj90aiyrcel4py9mu2yo91o70985kfmn1h/Table.table.json", "_latest_artifact_path": "wandb-client-artifact://xv65cgcwjh8di2jdfclapejieuuho4vuanjqevfizrd7txkcahq17gd7fhheo510b6sj6wbgbgdwbdsw4i5yaeqnelsoc6zxs3uubxp707sr8xlwp5vmoxqntxqwhga2:latest/Table.table.json", "path": "media/table/Table_100_b943c409e9409c5d1a77.table.json", "ncols": 7, "nrows": 100}, "failed_conversations_count": 0, "failed_conversations_ids": [], "avg_processing_time": 165.8626858639717, "avg_geobleu": 0.2995974365371689, "avg_dtw": 21.58584651920112, "_wandb": {"runtime": 16604}}