{"user_id": 19218, "processing_time": 194.9088635444641, "_timestamp": 1726509884.411722, "_runtime": 44586.14647889137, "_step": 365, "status": "success", "progress": 0.4066666666666667}