{"user_id": 19120, "processing_time": 622.414021730423, "_timestamp": 1726471585.127946, "_runtime": 6286.862702846527, "_step": 59, "status": "success", "progress": 0.06666666666666667}