{"train/loss": 1.2129, "train/grad_norm": 1.7193013429641724, "train/learning_rate": 0.0006873926351215312, "train/epoch": 3.01, "train/global_step": 1505, "_timestamp": 1726111175.4428055, "_runtime": 185.63619661331177, "_step": 4}