{"train/loss": 1.0597, "train/grad_norm": 4.693269729614258, "train/learning_rate": 0.0, "train/epoch": 5.0, "train/global_step": 2500, "_timestamp": 1726149763.664091, "_runtime": 38773.8574821949, "_step": 1010, "eval/loss": 1.0767934322357178, "eval/runtime": 221.8135, "eval/samples_per_second": 0.451, "eval/steps_per_second": 0.451, "train_runtime": 38761.8669, "train_samples_per_second": 0.258, "train_steps_per_second": 0.064, "total_flos": 5.853537759746458e+18, "train_loss": 0.45991911041736605, "_wandb": {"runtime": 38775}}