{"train/loss": 0.2464, "train/grad_norm": 0.03511613607406616, "train/learning_rate": 3.4588859416445623e-05, "train/epoch": 2.4813636363636364, "train/global_step": 10918, "_timestamp": 1725635625.6973252, "_runtime": 250544.92309117317, "_step": 6582, "eval/loss": 0.3204476833343506, "eval/runtime": 218.7654, "eval/samples_per_second": 0.457, "eval/steps_per_second": 0.457}