{"train/loss": 0.3066, "train/grad_norm": 0.03844410181045532, "train/learning_rate": 3.189086775293672e-05, "train/epoch": 2.521818181818182, "train/global_step": 11096, "_timestamp": 1725642134.398065, "_runtime": 257053.6238310337, "_step": 6761, "eval/loss": 0.3203509449958801, "eval/runtime": 218.7923, "eval/samples_per_second": 0.457, "eval/steps_per_second": 0.457}