{"train/loss": 0.318, "train/grad_norm": 0.05324767529964447, "train/learning_rate": 0.0, "train/epoch": 3.0, "train/global_step": 13200, "_timestamp": 1725723234.585046, "_runtime": 338153.81081199646, "_step": 8888, "eval/loss": 0.3193172514438629, "eval/runtime": 218.7207, "eval/samples_per_second": 0.457, "eval/steps_per_second": 0.457, "train_runtime": 338142.2248, "train_samples_per_second": 0.156, "train_steps_per_second": 0.039, "total_flos": 3.07268786594071e+19, "train_loss": 0.21486581980956324, "_wandb": {"runtime": 338155}}