{"train/loss": 0.3361, "train/grad_norm": 0.06210995465517044, "train/learning_rate": 0.0, "train/epoch": 8.0, "train/global_step": 2000, "_timestamp": 1725597484.2406943, "_runtime": 32800.65012717247, "_step": 752, "eval/loss": 0.3207613229751587, "eval/runtime": 353.5579, "eval/samples_per_second": 0.283, "eval/steps_per_second": 0.283, "train_runtime": 32788.1742, "train_samples_per_second": 0.244, "train_steps_per_second": 0.061, "total_flos": 5.459907509124661e+18, "train_loss": 0.12878976136446, "_wandb": {"runtime": 32802}}