{"user_id": 18822, "processing_time": 175.53768110275269, "_timestamp": 1726471559.7371392, "_runtime": 6320.920381307602, "_step": 62, "status": "success", "progress": 0.07}