{"user_id": 18925, "processing_time": 172.80664587020874, "_timestamp": 1726510439.835239, "_runtime": 45201.01848101616, "_step": 353, "status": "success", "progress": 0.3933333333333333}