{"conversation_id": 100, "processing_time": 145.00528764724731, "geobleu": 0.5238411034547885, "dtw": 14.952601546765349, "Input_sequence_length": 5245, "Peak reserved memory": 12.947266, "_timestamp": 1727985438.7076635, "_runtime": 16177.331901550293, "_step": 100, "Table": {"_type": "table-file", "sha256": "4d0727a9225e758d9113ffd491a33e512293f984977d565652d926ef02c1413f", "size": 687258, "artifact_path": "wandb-client-artifact://ogcu6qo35ihc2ub67lg6e9ggn7044qqwn2qd7ipv50iq655cys8fve2avhdklm740su8ecq2sjehjkcbs8iopz8xgruail1dyrfzl1qkzu6fxhafxl9a3jp9vd71whq8/Table.table.json", "_latest_artifact_path": "wandb-client-artifact://s2incdrfkuko6o285ewi18ucq5xq94wylw0mt9qyh4fa7ly64c7lisotcuv7k1s7mq0v2gvabbwefw8o2nolhw3kbywpmyxj277ez73lmq3aaou10yrxsp2nvisms3fs:latest/Table.table.json", "path": "media/table/Table_100_4d0727a9225e758d9113.table.json", "ncols": 7, "nrows": 100}, "failed_conversations_count": 0, "failed_conversations_ids": [], "avg_processing_time": 161.6210598230362, "avg_geobleu": 0.2890453373906307, "avg_dtw": 23.747223809904582, "_wandb": {"runtime": 16180}}