{"train/loss": 0.3861, "train/grad_norm": 0.0689716786146164, "train/learning_rate": 0.00011258185965611603, "train/epoch": 8.288, "train/global_step": 2072, "_timestamp": 1725642154.904329, "_runtime": 2865.3621170520782, "_step": 71}