{"train/loss": 0.3412, "train/grad_norm": 0.14098092913627625, "train/learning_rate": 2.344549540061217e-05, "train/epoch": 14.0, "train/global_step": 3500, "_timestamp": 1725698050.2355616, "_runtime": 58760.69334959984, "_step": 1503, "eval/loss": 0.33207717537879944, "eval/runtime": 361.6251, "eval/samples_per_second": 0.277, "eval/steps_per_second": 0.277, "train_runtime": 58748.3896, "train_samples_per_second": 0.306, "train_steps_per_second": 0.077, "total_flos": 9.073485786746978e+18, "train_loss": 0.14219471489105906, "_wandb": {"runtime": 58762}}