{"train/loss": 0.3658, "train/grad_norm": 0.081363745033741, "train/learning_rate": 0.0, "train/epoch": 8.0, "train/global_step": 2000, "_timestamp": 1725596308.7508657, "_runtime": 31461.008590698242, "_step": 752, "eval/loss": 0.3206999599933624, "eval/runtime": 358.5793, "eval/samples_per_second": 0.279, "eval/steps_per_second": 0.279, "train_runtime": 31448.6818, "train_samples_per_second": 0.254, "train_steps_per_second": 0.064, "total_flos": 5.417523213305119e+18, "train_loss": 0.12775393481552602, "_wandb": {"runtime": 31462}}