{"conversation_id": 100, "processing_time": 176.56795930862427, "geobleu": 0.49250964107080974, "dtw": 11.206030023260517, "Input_sequence_length": 9005, "Peak reserved memory": 13.130859, "_timestamp": 1727986768.9187067, "_runtime": 17735.374393701553, "_step": 99, "Table": {"_type": "table-file", "sha256": "d0e7d62d8c543473c5c00e9d9060c8d1f5878abbda3a3b379e41e3c868bae51a", "size": 683899, "artifact_path": "wandb-client-artifact://2g7f5g20ezcaemqrfe9o5p0a7lctsetkntic9fnkfa53haw2dmyoprxvp82z3ernhxlxjsqnqovyir09e9sd3ud8pza8mvn2cys6kigfhig52qnswucoaxgp3g04peis/Table.table.json", "_latest_artifact_path": "wandb-client-artifact://xbq459wmr09lsvcaxiskda6hnz3kdpl2cff7bv1dw8ccp52c8viirhvdmu5ix7wf76wmhzcsslmcw6cjnof37cbwrca6x4ziud1qiu7bd38i197wz1il3txfnd3xc9ip:latest/Table.table.json", "path": "media/table/Table_99_d0e7d62d8c543473c5c0.table.json", "ncols": 7, "nrows": 99}, "failed_conversations_count": 3, "failed_conversations_ids": [63], "avg_processing_time": 169.02593458060062, "avg_geobleu": 0.33988982017951996, "avg_dtw": 31.581299731181613, "_wandb": {"runtime": 17739}}