{"user_id": 3403, "processing_time": 1132.502248764038, "_timestamp": 1726471443.5433779, "_runtime": 5680.490622758865, "_step": 11, "status": "success", "progress": 0.02}