{"user_id": 3436, "processing_time": 1496.5869917869568, "_timestamp": 1726509534.8977792, "_runtime": 43771.84502410889, "_step": 110, "status": "success", "progress": 0.185}