{"train/loss": 0.3734, "train/grad_norm": 0.06118576228618622, "train/learning_rate": 0.0, "train/epoch": 1.0, "train/global_step": 250, "_timestamp": 1725201321.2605367, "_runtime": 19910.60283255577, "_step": 300, "eval/loss": 0.3614474833011627, "eval/runtime": 221.2762, "eval/samples_per_second": 0.452, "eval/steps_per_second": 0.452, "train_runtime": 19911.8423, "train_samples_per_second": 0.05, "train_steps_per_second": 0.013, "total_flos": 5.5678749306106675e+17, "train_loss": 0.3598050285577774, "_wandb": {"runtime": 19911}}