{"train/loss": 0.3607, "train/grad_norm": 0.08165837079286575, "train/learning_rate": 4.305836859050627e-06, "train/epoch": 4.531363636363636, "train/global_step": 19938, "_timestamp": 1725991108.3299913, "_runtime": 258288.76588225365, "_step": 6804, "eval/loss": 0.3203563988208771, "eval/runtime": 219.6666, "eval/samples_per_second": 0.455, "eval/steps_per_second": 0.455}