{"train/loss": 0.3511, "train/grad_norm": 0.06050572544336319, "train/learning_rate": 0.0, "train/epoch": 5.0, "train/global_step": 22000, "_timestamp": 1726070979.8672132, "_runtime": 338160.3031041622, "_step": 8888, "eval/loss": 0.3203115165233612, "eval/runtime": 219.7263, "eval/samples_per_second": 0.455, "eval/steps_per_second": 0.455, "train_runtime": 338147.6346, "train_samples_per_second": 0.26, "train_steps_per_second": 0.065, "total_flos": 5.121146443234517e+19, "train_loss": 0.12594358373839748, "_wandb": {"runtime": 338161}}