{"train/loss": 0.2536, "train/grad_norm": 0.04391460865736008, "train/learning_rate": 6.885388839405643e-05, "train/epoch": 3.0045454545454544, "train/global_step": 13220, "_timestamp": 1725733567.0038762, "_runtime": 747.4397671222687, "_step": 19}