{"train/loss": 0.3162, "train/grad_norm": 0.06434156000614166, "train/learning_rate": 1.1641990759226462e-05, "train/epoch": 4.224545454545455, "train/global_step": 18588, "_timestamp": 1725939948.7720165, "_runtime": 207129.20790743828, "_step": 5440, "eval/loss": 0.3204359710216522, "eval/runtime": 219.6032, "eval/samples_per_second": 0.455, "eval/steps_per_second": 0.455}