{"train_runtime": 0.4051, "train_samples_per_second": 29625.969, "train_steps_per_second": 7406.492, "total_flos": 2.0589035750320865e+19, "train_loss": 0.0, "train/epoch": 3.0, "train/global_step": 8250, "_timestamp": 1725940118.0359, "_runtime": 14.873359203338623, "_step": 0, "_wandb": {"runtime": 16}}