{"user_id": 3601, "status": "failed", "_timestamp": 1726464427.3157356, "_runtime": 1968.5889806747437, "_step": 3, "progress": 0.006666666666666667}