{"train/loss": 0.2578, "train/grad_norm": 0.05000333860516548, "train/learning_rate": 0.00011020408163265306, "train/epoch": 0.46, "train/global_step": 115, "_timestamp": 1725179631.1017663, "_runtime": 10269.765605449677, "_step": 138, "eval/loss": 0.3519189953804016, "eval/runtime": 228.9735, "eval/samples_per_second": 0.437, "eval/steps_per_second": 0.437, "train_runtime": 10270.9961, "train_samples_per_second": 0.097, "train_steps_per_second": 0.024, "total_flos": 3.0888484296032256e+17, "train_loss": 0.34790776864342066, "_wandb": {"runtime": 10271}}