{"user_id": 4446, "processing_time": 1338.7655556201935, "_timestamp": 1726510166.5648873, "_runtime": 43269.384347200394, "_step": 140, "status": "success", "progress": 0.235}