{"user_id": 4406, "processing_time": 555.7265121936798, "_timestamp": 1726471354.1067288, "_runtime": 4456.926188707352, "_step": 20, "status": "success", "progress": 0.035}