{"train/loss": 1.4506, "train/grad_norm": 1.067751169204712, "train/learning_rate": 0.0, "train/epoch": 4.0, "train/global_step": 4000, "_timestamp": 1726199500.7007935, "_runtime": 88931.52329158783, "_step": 2525, "eval/loss": 1.4947853088378906, "eval/runtime": 212.4868, "eval/samples_per_second": 0.471, "eval/steps_per_second": 0.471, "train_runtime": 88919.7942, "train_samples_per_second": 0.18, "train_steps_per_second": 0.045, "total_flos": 8.806069291365728e+18, "train_loss": 1.463561500042677, "_wandb": {"runtime": 88933}}