{"train/loss": 1.5465, "train/grad_norm": 0.5519630908966064, "train/learning_rate": 0.0002652439311483318, "train/epoch": 3.052, "train/global_step": 3052, "_timestamp": 1726165595.2574358, "_runtime": 55026.07993388176, "_step": 1566, "eval/loss": 1.5527236461639404, "eval/runtime": 211.1501, "eval/samples_per_second": 0.474, "eval/steps_per_second": 0.474}