{"train/loss": 1.6095, "train/grad_norm": 4.514871597290039, "train/learning_rate": 0.0013718504914828134, "train/epoch": 1.518, "train/global_step": 1518, "_timestamp": 1726111183.4846456, "_runtime": 614.3071436882019, "_step": 17}