{"train/loss": 0.3304, "train/grad_norm": 0.0690314769744873, "train/learning_rate": 0.0, "train/epoch": 5.0, "train/global_step": 1250, "_timestamp": 1725131949.73462, "_runtime": 58126.59631204605, "_step": 1250, "train_runtime": 58127.8388, "train_samples_per_second": 0.086, "train_steps_per_second": 0.022, "total_flos": 3.4888644170583245e+18, "train_loss": 0.3570010050535202, "_wandb": {"runtime": 58129}}