{"train/loss": 0.6071, "train/grad_norm": 0.26768651604652405, "train/learning_rate": 0.00019759036144578314, "train/epoch": 0.08, "train/global_step": 20, "_timestamp": 1725074802.525251, "_runtime": 979.3869428634644, "_step": 19}