{"train/loss": 0.3061, "train/grad_norm": 0.03701675310730934, "train/learning_rate": 0.00019031606529914117, "train/epoch": 1.2727272727272727, "train/global_step": 3500, "_timestamp": 1725702251.2820024, "_runtime": 62481.73593354225, "_step": 1503, "eval/loss": 0.322616308927536, "eval/runtime": 356.2981, "eval/samples_per_second": 0.281, "eval/steps_per_second": 0.281, "train_runtime": 62469.3467, "train_samples_per_second": 1.585, "train_steps_per_second": 0.396, "total_flos": 9.305079051972674e+18, "train_loss": 0.1446303998019014, "_wandb": {"runtime": 62484}}