{"train/loss": 0.3077, "train/grad_norm": 0.11823953688144684, "train/learning_rate": 0.00019662236561430758, "train/epoch": 0.7483636363636363, "train/global_step": 2058, "_timestamp": 1725642150.9742956, "_runtime": 2381.428226709366, "_step": 57}