{"user_id": 3240, "processing_time": 582.8281939029694, "_timestamp": 1726509577.4844308, "_runtime": 43874.32810378075, "_step": 122, "status": "success", "progress": 0.205}