{"user_id": 3204, "processing_time": 1235.4328620433807, "_timestamp": 1726470235.6090562, "_runtime": 4532.452729225159, "_step": 14, "status": "success", "progress": 0.025}