{"conversation_id": 100, "processing_time": 176.34578490257263, "geobleu": 0.4693929611129169, "dtw": 11.240515222707213, "Input_sequence_length": 9005, "Peak reserved memory": 13.130859, "_timestamp": 1728050068.6785119, "_runtime": 18349.547380924225, "_step": 98, "Table": {"_type": "table-file", "sha256": "c7cebcf0a0efe8f1c73a98c3b44f2ecaf16a6aba508278a3020ce6d03a820288", "size": 686486, "artifact_path": "wandb-client-artifact://3bnn6au5fga6bi4sy8ll8qxg2i6fnj7g4g7hrvhhs4scd7wi2r01wa21vtyt8mwtrg7hdqces7k4xok2kj5ylkrdl62mri8nqex305uno4mrjlun8bom8yx7t1ns2kbf/Table.table.json", "_latest_artifact_path": "wandb-client-artifact://b7kxz1jytjk8im6vxoirbmk3x4v6xm9kjshpe87se6ays9ztr1jx9td8u0k1m0k2mn1miw04xynyzdypuw0ih100avsskjbv4ufijl3nkm9xckjje67dwpopicnf8v92:latest/Table.table.json", "path": "media/table/Table_98_c7cebcf0a0efe8f1c73a.table.json", "ncols": 7, "nrows": 98}, "failed_conversations_count": 7, "failed_conversations_ids": [16, 70, 14], "avg_processing_time": 172.51299049173082, "avg_geobleu": 0.3251349146832664, "avg_dtw": 28.752165131696835, "_wandb": {"runtime": 18352}}