{"user_id": 18766, "processing_time": 31.405088901519775, "_timestamp": 1726883898.3926792, "_runtime": 30411.19492816925, "_step": 503, "status": "success", "progress": 0.84}