{"user_id": 4750, "processing_time": 457.5154027938843, "_timestamp": 1726682989.0064147, "_runtime": 472.7571105957031, "_step": 2, "status": "success", "progress": 0.02}