{"user_id": 19483, "processing_time": 251.6173141002655, "_timestamp": 1726665490.111101, "_runtime": 1673.305312871933, "_step": 14, "status": "success", "progress": 0.5}