{"conversation_id": 100, "processing_time": 144.50135850906372, "geobleu": 0.5291419302483078, "dtw": 12.113733666501288, "Input_sequence_length": 5245, "Peak reserved memory": 12.947266, "_timestamp": 1727968858.3477395, "_runtime": 18200.654601573944, "_step": 100, "Table": {"_type": "table-file", "sha256": "8e9ad78798c295702b348911cb49e2df09b4a7ab3b82e2a7dd16617288f64058", "size": 687401, "artifact_path": "wandb-client-artifact://1o1y4qq5bjiuqcti4agzsnxrvxzlvn8v95ein1aeccnn9s2i8gtsorh2vv16hdgsonzkeomdno7rxrbn07qll47vhh7jujhqo23pztnnicoyh9liijp30jbt6gjh4e80/Table.table.json", "_latest_artifact_path": "wandb-client-artifact://l20q6t7qrcvfiefoo8xgkh8hrdwrsbwmn5x00we2e97pagpowob0nih8qpca9bxxg5giucss4ll8k04cuyt1m55q5uo9kcapm1ekmobu2xtqlw1xnm7f8jhubylwz9oa:latest/Table.table.json", "path": "media/table/Table_100_8e9ad78798c295702b34.table.json", "ncols": 7, "nrows": 100}, "failed_conversations_count": 2, "failed_conversations_ids": [9], "avg_processing_time": 181.85541390419007, "avg_geobleu": 0.2894751495422575, "avg_dtw": 22.48799441177834, "_wandb": {"runtime": 18203}}