{"user_id": 19423, "processing_time": 551.6880540847778, "_timestamp": 1726471229.5268998, "_runtime": 5870.425707817078, "_step": 56, "status": "success", "progress": 0.06333333333333334}