{"user_id": 19498, "processing_time": 195.9004123210907, "_timestamp": 1726509825.7074256, "_runtime": 44466.6062335968, "_step": 308, "status": "success", "progress": 0.3433333333333333}