{"conversation_id": 100, "processing_time": 417.9390170574188, "geobleu": 0.0031815443673677266, "dtw": 88.88866922437961, "Input_sequence_length": 13605, "Peak reserved memory": 14.859375, "_timestamp": 1728046469.7707887, "_runtime": 34328.09805870056, "_step": 100, "Table": {"_type": "table-file", "sha256": "5a23ce435178f18608bd76592fa4c76f1035d700cf87eba0123a320c82288774", "size": 1117820, "artifact_path": "wandb-client-artifact://o2fsspx9rvuj5yfrbo8pm247e3nvka8ianejo0b1ylj6uwq4hb11eecgd2lu1xg9yizcrbkr2fzch6co55h3vbnxaeao6g4jmemcj58meueihbngs5wsb1rm9avq6qs5/Table.table.json", "_latest_artifact_path": "wandb-client-artifact://1i4qbqatno06bog082lshawqaben3rd0eqwt9ur30qsv7kp0ki06rymma0ar4xzlxso48czuoa8zjcwm5ao9zgyar2mklywxw2g6xqek7nx3qgilcjl68cfodvej7owi:latest/Table.table.json", "path": "media/table/Table_100_5a23ce435178f18608bd.table.json", "ncols": 7, "nrows": 100}, "failed_conversations_count": 1, "failed_conversations_ids": [87], "avg_processing_time": 343.1207739830017, "avg_geobleu": 0.3188289786413382, "avg_dtw": 35.32282059270822, "_wandb": {"runtime": 34332}}