{"train_runtime": 0.3414, "train_samples_per_second": 35150.254, "train_steps_per_second": 8787.563, "total_flos": 2.0589035750320865e+19, "train_loss": 0.0, "train/epoch": 3.0, "train/global_step": 8250, "_timestamp": 1725989604.067882, "_runtime": 13.085150957107544, "_step": 0, "_wandb": {"runtime": 14}}