{"user_id": 19717, "processing_time": 1223.309173822403, "_timestamp": 1726471627.5310633, "_runtime": 6208.327202320099, "_step": 50, "status": "success", "progress": 0.056666666666666664}