{"user_id": 19790, "processing_time": 334.9301109313965, "_timestamp": 1726510272.268337, "_runtime": 44853.06447601318, "_step": 287, "status": "success", "progress": 0.32}