{"conversation_id": 99, "processing_time": 170.2843942642212, "geobleu": 0.5081286225066894, "dtw": 13.92378993425475, "Input_sequence_length": 8597, "Peak reserved memory": 12.947266, "_timestamp": 1728048732.0104802, "_runtime": 16744.230614185333, "_step": 98, "Table": {"_type": "table-file", "sha256": "a2525a770452304c9130d27c8d19db91792c2abbe7e3407614b2bad08cc94782", "size": 676377, "artifact_path": "wandb-client-artifact://449056ehjs303ry7bkmlappfjey44ekihfesxcqmca3vs4zpj5aic8qxtzs34e7b826vxngvy752kay0i38jkaylpu62ch0nomoqegyik2z8oqv3zwxsbvtxzv6lqo7b/Table.table.json", "_latest_artifact_path": "wandb-client-artifact://xj5vbbu5k85cfb15ckbavlyma5oi8ei0rb59ejzapan3y1jz4vfg1l1c8dck9725t1wagd6cl5mril01tvq9qviifojtbpktjrmkqboq5tejtp95sep8pzwltet7ma8l:latest/Table.table.json", "path": "media/table/Table_98_a2525a770452304c9130.table.json", "ncols": 7, "nrows": 98}, "failed_conversations_count": 7, "failed_conversations_ids": [100, 68, 69], "avg_processing_time": 163.78125105828656, "avg_geobleu": 0.27650355385615527, "avg_dtw": 22.201443109810153, "_wandb": {"runtime": 16746}}