{"train/loss": 0.3125, "train/grad_norm": 0.03742581233382225, "train/learning_rate": 0.0, "train/epoch": 3.0, "train/global_step": 10200, "_timestamp": 1725631521.6225173, "_runtime": 246215.91692733765, "_step": 6868, "eval/loss": 0.3448043763637543, "eval/runtime": 213.4311, "eval/samples_per_second": 0.469, "eval/steps_per_second": 0.469, "train_runtime": 246204.1611, "train_samples_per_second": 0.166, "train_steps_per_second": 0.041, "total_flos": 2.2422364566377693e+19, "train_loss": 0.22663633100688457, "_wandb": {"runtime": 246217}}