{"train/loss": 1.1053, "train/grad_norm": 0.6741493940353394, "train/learning_rate": 0.0, "train/epoch": 3.0, "train/global_step": 1500, "_timestamp": 1726050759.1022058, "_runtime": 59882.953256845474, "_step": 1515, "eval/loss": 1.1555155515670776, "eval/runtime": 224.04, "eval/samples_per_second": 0.446, "eval/steps_per_second": 0.446, "train_runtime": 59883.9988, "train_samples_per_second": 0.1, "train_steps_per_second": 0.025, "total_flos": 3.5121226558478746e+18, "train_loss": 1.7425703613758088, "_wandb": {"runtime": 59884}}