{"train/loss": 0.5702, "train/grad_norm": 2.3086600303649902, "train/learning_rate": 0.0019999911682510277, "train/epoch": 0.014, "train/global_step": 7, "_timestamp": 1725991142.7426066, "_runtime": 266.5936577320099, "_step": 6}