{"train/loss": 0.2905, "train/grad_norm": 0.04002583026885986, "train/learning_rate": 9.920364050056883e-05, "train/epoch": 0.5045454545454545, "train/global_step": 2220, "_timestamp": 1725298587.1773512, "_runtime": 85464.49653935432, "_step": 2241, "eval/loss": 0.3293071985244751, "eval/runtime": 221.8794, "eval/samples_per_second": 0.451, "eval/steps_per_second": 0.451}