{"train/loss": 0.3098, "train/grad_norm": 0.0641852617263794, "train/learning_rate": 0.00019585893060295793, "train/epoch": 0.02181818181818182, "train/global_step": 96, "_timestamp": 1725216536.6622448, "_runtime": 3413.981432914734, "_step": 95}