{"train/loss": 0.3263, "train/grad_norm": 0.056509651243686676, "train/learning_rate": 0.0, "train/epoch": 1.0, "train/global_step": 4400, "_timestamp": 1725382489.9798741, "_runtime": 169367.29906225204, "_step": 4444, "eval/loss": 0.32379284501075745, "eval/runtime": 220.15, "eval/samples_per_second": 0.454, "eval/steps_per_second": 0.454, "train_runtime": 169368.335, "train_samples_per_second": 0.104, "train_steps_per_second": 0.026, "total_flos": 1.0242292886469034e+19, "train_loss": 0.33781969005749984, "_wandb": {"runtime": 169368}}