{"train/loss": 0.3139, "train/grad_norm": 0.043753672391176224, "train/learning_rate": 0.00010243458475540389, "train/epoch": 0.4884090909090909, "train/global_step": 2149, "_timestamp": 1725295833.1667418, "_runtime": 82710.48592996597, "_step": 2169, "eval/loss": 0.32999661564826965, "eval/runtime": 221.6848, "eval/samples_per_second": 0.451, "eval/steps_per_second": 0.451}