{"train/loss": 0.307, "train/grad_norm": 0.043373607099056244, "train/learning_rate": 9.71103526734926e-05, "train/epoch": 0.515, "train/global_step": 2266, "_timestamp": 1725300129.6199534, "_runtime": 87006.93914151192, "_step": 2287, "eval/loss": 0.3293071985244751, "eval/runtime": 221.8794, "eval/samples_per_second": 0.451, "eval/steps_per_second": 0.451}