{"train/loss": 0.2456, "train/grad_norm": 0.05021786317229271, "train/learning_rate": 0.0001636727879799666, "train/epoch": 0.915, "train/global_step": 549, "_timestamp": 1725074782.2105436, "_runtime": 30969.54774069786, "_step": 548}