{"train/loss": 0.3539, "train/grad_norm": 0.06020873039960861, "train/learning_rate": 3.919866444073456e-05, "train/epoch": 4.0216666666666665, "train/global_step": 2413, "_timestamp": 1725180553.7839968, "_runtime": 136741.1211938858, "_step": 2412}