{"train/loss": 0.3104, "train/grad_norm": 0.05119987577199936, "train/learning_rate": 0.0, "train/epoch": 5.0, "train/global_step": 3000, "_timestamp": 1725213830.2177274, "_runtime": 170017.55492448807, "_step": 3000, "train_runtime": 170018.6028, "train_samples_per_second": 0.071, "train_steps_per_second": 0.018, "total_flos": 9.869254445524255e+18, "train_loss": 0.3171547625263532, "_wandb": {"runtime": 170018}}