{"user_id": 4600, "processing_time": 327.5337800979614, "_timestamp": 1726682678.5569444, "_runtime": 341.9607982635498, "_step": 2, "status": "success", "progress": 0.02}