{"train/loss": 0.3362, "train/grad_norm": 0.04629262536764145, "train/learning_rate": 2.8668941979522183e-05, "train/epoch": 0.8568181818181818, "train/global_step": 3770, "_timestamp": 1725180572.3858266, "_runtime": 136858.61267352104, "_step": 3769}