{"train/loss": 0.3264, "train/grad_norm": 0.056549280881881714, "train/learning_rate": 0.0, "train/epoch": 1.0, "train/global_step": 4400, "_timestamp": 1725203120.084909, "_runtime": 159406.31175589561, "_step": 4400, "train_runtime": 159407.533, "train_samples_per_second": 0.11, "train_steps_per_second": 0.028, "total_flos": 1.0242292886469034e+19, "train_loss": 0.3378131449967623, "_wandb": {"runtime": 159407}}