{"train/loss": 0.324, "train/grad_norm": 0.04873952269554138, "train/learning_rate": 0.00016109215017064848, "train/epoch": 0.19545454545454546, "train/global_step": 860, "_timestamp": 1725074809.56675, "_runtime": 31095.793596982956, "_step": 859}