{"train_runtime": 0.3472, "train_samples_per_second": 34561.39, "train_steps_per_second": 8640.347, "total_flos": 2.0589035750320865e+19, "train_loss": 0.0, "train/epoch": 3.0, "train/global_step": 8250, "_timestamp": 1725939968.49618, "_runtime": 17.090091943740845, "_step": 0, "_wandb": {"runtime": 18}}