{"train/loss": 1.8664, "train/grad_norm": 3922.909912109375, "train/learning_rate": 0.0, "train/epoch": 4.0, "train/global_step": 4000, "_timestamp": 1726206746.1203303, "_runtime": 95641.98274922371, "_step": 2525, "eval/loss": 1.8463128805160522, "eval/runtime": 221.6192, "eval/samples_per_second": 0.451, "eval/steps_per_second": 0.451, "train_runtime": 95630.5047, "train_samples_per_second": 0.167, "train_steps_per_second": 0.042, "total_flos": 9.282529735748518e+18, "train_loss": 1.477513919144869, "_wandb": {"runtime": 95644}}