{"train/loss": 2.249, "train/grad_norm": 155.3382568359375, "train/learning_rate": 0.0003383048035055293, "train/epoch": 2.922, "train/global_step": 2922, "_timestamp": 1726165602.9682622, "_runtime": 54498.83068108559, "_step": 1435, "eval/loss": 2.2742867469787598, "eval/runtime": 221.5783, "eval/samples_per_second": 0.451, "eval/steps_per_second": 0.451}