{"train/loss": 1.1462, "train/grad_norm": 0.6617940068244934, "train/learning_rate": 0.001383500619123451, "train/epoch": 1.502, "train/global_step": 1502, "_timestamp": 1726111190.0665162, "_runtime": 85.92893505096436, "_step": 1}