{"user_id": 5600, "processing_time": 267.08676767349243, "_timestamp": 1726771764.2180011, "_runtime": 281.64830207824707, "_step": 2, "status": "success", "progress": 0.01}