{"train/loss": 0.3757, "train/grad_norm": 0.05482914671301842, "train/learning_rate": 1.3324142022166252e-05, "train/epoch": 2.501590909090909, "train/global_step": 11007, "_timestamp": 1725991124.749464, "_runtime": 257212.18331694603, "_step": 6672, "eval/loss": 0.3195323646068573, "eval/runtime": 222.2924, "eval/samples_per_second": 0.45, "eval/steps_per_second": 0.45}