{"train/loss": 0.3162, "train/grad_norm": 0.053620558232069016, "train/learning_rate": 0.0, "train/epoch": 3.0, "train/global_step": 13200, "_timestamp": 1726076475.216663, "_runtime": 342562.65051579475, "_step": 8888, "eval/loss": 0.3191872537136078, "eval/runtime": 221.3117, "eval/samples_per_second": 0.452, "eval/steps_per_second": 0.452, "train_runtime": 342548.6315, "train_samples_per_second": 0.154, "train_steps_per_second": 0.039, "total_flos": 3.07268786594071e+19, "train_loss": 0.21399628828759445, "_wandb": {"runtime": 342563}}