{"train/loss": 0.4061, "train/grad_norm": 0.06946378946304321, "train/learning_rate": 5.4038997214484674e-05, "train/epoch": 2.191666666666667, "train/global_step": 1315, "_timestamp": 1725300131.4703078, "_runtime": 79747.88193178177, "_step": 1327, "eval/loss": 0.32036784291267395, "eval/runtime": 373.5067, "eval/samples_per_second": 0.268, "eval/steps_per_second": 0.268}