{"train/loss": 0.3066, "train/grad_norm": 0.04304851219058037, "train/learning_rate": 5.637883008356546e-05, "train/epoch": 2.1566666666666667, "train/global_step": 1294, "_timestamp": 1725298561.3000681, "_runtime": 78177.7116920948, "_step": 1305, "eval/loss": 0.3209705650806427, "eval/runtime": 373.6557, "eval/samples_per_second": 0.268, "eval/steps_per_second": 0.268}