{"train/loss": 0.2716, "train/grad_norm": 0.048635732382535934, "train/learning_rate": 0.0, "train/epoch": 3.0, "train/global_step": 1800, "_timestamp": 1725329424.21673, "_runtime": 109040.62835407257, "_step": 1818, "eval/loss": 0.3183744251728058, "eval/runtime": 370.3332, "eval/samples_per_second": 0.27, "eval/steps_per_second": 0.27, "train_runtime": 109041.8635, "train_samples_per_second": 0.066, "train_steps_per_second": 0.017, "total_flos": 5.921552667314553e+18, "train_loss": 0.3264134675512711, "_wandb": {"runtime": 109042}}