{"user_id": 4650, "processing_time": 477.38702940940857, "_timestamp": 1726682889.8436923, "_runtime": 493.6592962741852, "_step": 2, "status": "success", "progress": 0.02}