{"conversation_id": 100, "processing_time": 418.14559388160706, "geobleu": 0.05090858335234072, "dtw": 49.95023081481385, "Input_sequence_length": 13605, "Peak reserved memory": 14.859375, "_timestamp": 1727986404.0005417, "_runtime": 35553.9645447731, "_step": 99, "Table": {"_type": "table-file", "sha256": "3a3bdeff36f2e86a72123a9e443801d8dbc6825e760f457df665df33a659692b", "size": 1106515, "artifact_path": "wandb-client-artifact://chli7k5uwdm7u94wd26rdrkqtb7rap9n7yh49i16cctyzpczsrtwvfryc5x76e8xdtqnmres6krl2ot5gxkhe2r6anb80rlv4hhif0ows9gtcyjdb5x153jb117neoxz/Table.table.json", "_latest_artifact_path": "wandb-client-artifact://w6rp5wu86275k9ze1ofeipkdzrbebbmq5osnhzzpp8gk4qgpytq5y5cg5qkd0fweifj49ud3r96tlxj4t7rw8gtsjb0hpmbl6qityo5j8kchi2y96sjir9uf1wl34l77:latest/Table.table.json", "path": "media/table/Table_99_3a3bdeff36f2e86a7212.table.json", "ncols": 7, "nrows": 99}, "failed_conversations_count": 5, "failed_conversations_ids": [5, 6], "avg_processing_time": 349.0325009991424, "avg_geobleu": 0.3156851702347193, "avg_dtw": 34.40812725425952, "_wandb": {"runtime": 35556}}