{"user_id": 4600, "processing_time": 350.5782265663147, "_timestamp": 1726684015.7002208, "_runtime": 364.48755073547363, "_step": 2, "status": "success", "progress": 0.02}