{"train/loss": 0.2839, "train/grad_norm": 0.04334339126944542, "train/learning_rate": 0.00012216186808267546, "train/epoch": 1.2876363636363637, "train/global_step": 3541, "_timestamp": 1725733545.7868845, "_runtime": 1583.8401606082916, "_step": 40}