{"train/loss": 0.3369, "train/grad_norm": 0.04453766345977783, "train/learning_rate": 0.0, "train/epoch": 3.0, "train/global_step": 8250, "_timestamp": 1725913701.0924673, "_runtime": 181739.14574337006, "_step": 4759, "eval/loss": 0.315551221370697, "eval/runtime": 355.8789, "eval/samples_per_second": 0.281, "eval/steps_per_second": 0.281, "train_runtime": 181728.0647, "train_samples_per_second": 0.182, "train_steps_per_second": 0.045, "total_flos": 2.0589035750320865e+19, "train_loss": 0.18927535864981737, "_wandb": {"runtime": 181742}}